model,dataset,output_len,mse,mae
PatchMLP,ETTh1,96,0.37046,0.39148
TQNet,ETTh1,96,0.371,0.393
MMK,ETTh1,96,0.37428198,0.397474319
TimeXer,ETTh1,96,0.382,0.403
CycleNet,ETTh1,96,0.375,0.395
iTransformer,ETTh1,96,0.386,0.405
MSGNet,ETTh1,96,0.39,0.411
TimesNet,ETTh1,96,0.384,0.402
PatchTST,ETTh1,96,0.414,0.419
Crossformer,ETTh1,96,0.423,0.448
DLinear,ETTh1,96,0.386,0.4
PatchMLP,ETTh1,192,0.43092,0.42435
TQNet,ETTh1,192,0.428,0.426
MMK,ETTh1,192,0.418741092,0.429142118
TimeXer,ETTh1,192,0.429,0.435
CycleNet,ETTh1,192,0.436,0.428
iTransformer,ETTh1,192,0.441,0.436
MSGNet,ETTh1,192,0.443,0.442
TimesNet,ETTh1,192,0.436,0.429
PatchTST,ETTh1,192,0.46,0.445
Crossformer,ETTh1,192,0.471,0.474
DLinear,ETTh1,192,0.437,0.432
PatchMLP,ETTh1,336,0.4817,0.44563
TQNet,ETTh1,336,0.476,0.446
MMK,ETTh1,336,0.461163707,0.449688554
TimeXer,ETTh1,336,0.468,0.448
CycleNet,ETTh1,336,0.496,0.455
iTransformer,ETTh1,336,0.487,0.458
MSGNet,ETTh1,336,0.482,0.469
TimesNet,ETTh1,336,0.491,0.469
PatchTST,ETTh1,336,0.501,0.466
Crossformer,ETTh1,336,0.57,0.546
DLinear,ETTh1,336,0.481,0.459
PatchMLP,ETTh1,720,0.50326,0.47395
TQNet,ETTh1,720,0.487,0.47
MMK,ETTh1,720,0.473689765,0.466798976
TimeXer,ETTh1,720,0.469,0.461
CycleNet,ETTh1,720,0.52,0.484
iTransformer,ETTh1,720,0.503,0.491
MSGNet,ETTh1,720,0.496,0.488
TimesNet,ETTh1,720,0.521,0.5
PatchTST,ETTh1,720,0.5,0.488
Crossformer,ETTh1,720,0.653,0.621
DLinear,ETTh1,720,0.519,0.516
PatchMLP,ETTh1,avg,0.446585,0.4338525
TQNet,ETTh1,avg,0.441,0.434
MMK,ETTh1,avg,0.431969136,0.43577599175
TimeXer,ETTh1,avg,0.437,0.437
CycleNet,ETTh1,avg,0.457,0.441
iTransformer,ETTh1,avg,0.454,0.448
MSGNet,ETTh1,avg,0.453,0.453
TimesNet,ETTh1,avg,0.458,0.45
PatchTST,ETTh1,avg,0.469,0.455
Crossformer,ETTh1,avg,0.529,0.522
DLinear,ETTh1,avg,0.456,0.452
PatchMLP,ETTh2,96,0.29129,0.33987
TQNet,ETTh2,96,0.295,0.343
MMK,ETTh2,96,0.301,0.353
TimeXer,ETTh2,96,0.286,0.338
CycleNet,ETTh2,96,0.298,0.344
iTransformer,ETTh2,96,0.297,0.349
MSGNet,ETTh2,96,0.329,0.371
TimesNet,ETTh2,96,0.34,0.374
PatchTST,ETTh2,96,0.302,0.348
Crossformer,ETTh2,96,0.745,0.584
DLinear,ETTh2,96,0.333,0.387
PatchMLP,ETTh2,192,0.36815,0.39077
TQNet,ETTh2,192,0.367,0.393
MMK,ETTh2,192,0.379,0.405
TimeXer,ETTh2,192,0.363,0.389
CycleNet,ETTh2,192,0.372,0.396
iTransformer,ETTh2,192,0.38,0.4
MSGNet,ETTh2,192,0.402,0.414
TimesNet,ETTh2,192,0.402,0.414
PatchTST,ETTh2,192,0.388,0.4
Crossformer,ETTh2,192,0.877,0.656
DLinear,ETTh2,192,0.477,0.476
PatchMLP,ETTh2,336,0.41264,0.42803
TQNet,ETTh2,336,0.417,0.427
MMK,ETTh2,336,0.432,0.446
TimeXer,ETTh2,336,0.414,0.423
CycleNet,ETTh2,336,0.431,0.439
iTransformer,ETTh2,336,0.428,0.432
MSGNet,ETTh2,336,0.44,0.445
TimesNet,ETTh2,336,0.452,0.452
PatchTST,ETTh2,336,0.426,0.433
Crossformer,ETTh2,336,1.043,0.731
DLinear,ETTh2,336,0.594,0.541
PatchMLP,ETTh2,720,0.42329,0.4416
TQNet,ETTh2,720,0.433,0.446
MMK,ETTh2,720,0.446,0.463
TimeXer,ETTh2,720,0.408,0.432
CycleNet,ETTh2,720,0.45,0.458
iTransformer,ETTh2,720,0.427,0.445
MSGNet,ETTh2,720,0.48,0.477
TimesNet,ETTh2,720,0.462,0.468
PatchTST,ETTh2,720,0.431,0.446
Crossformer,ETTh2,720,1.104,0.763
DLinear,ETTh2,720,0.831,0.657
PatchMLP,ETTh2,avg,0.3738425,0.4000675
TQNet,ETTh2,avg,0.378,0.402
MMK,ETTh2,avg,0.3895,0.41675
TimeXer,ETTh2,avg,0.368,0.396
CycleNet,ETTh2,avg,0.388,0.409
iTransformer,ETTh2,avg,0.383,0.407
MSGNet,ETTh2,avg,0.413,0.427
TimesNet,ETTh2,avg,0.414,0.427
PatchTST,ETTh2,avg,0.387,0.407
Crossformer,ETTh2,avg,0.942,0.684
DLinear,ETTh2,avg,0.559,0.515
PatchMLP,ETTm1,96,0.30509,0.34402
TQNet,ETTm1,96,0.311,0.353
MMK,ETTm1,96,0.320342593,0.35836897
TimeXer,ETTm1,96,0.318,0.356
CycleNet,ETTm1,96,0.319,0.36
iTransformer,ETTm1,96,0.334,0.368
MSGNet,ETTm1,96,0.319,0.366
TimesNet,ETTm1,96,0.338,0.375
PatchTST,ETTm1,96,0.329,0.367
Crossformer,ETTm1,96,0.404,0.426
DLinear,ETTm1,96,0.345,0.372
PatchMLP,ETTm1,192,0.35764,0.37553
TQNet,ETTm1,192,0.356,0.378
MMK,ETTm1,192,0.363622591,0.383250579
TimeXer,ETTm1,192,0.362,0.383
CycleNet,ETTm1,192,0.36,0.381
iTransformer,ETTm1,192,0.377,0.391
MSGNet,ETTm1,192,0.377,0.397
TimesNet,ETTm1,192,0.374,0.387
PatchTST,ETTm1,192,0.367,0.385
Crossformer,ETTm1,192,0.45,0.451
DLinear,ETTm1,192,0.38,0.389
PatchMLP,ETTm1,336,0.38606,0.39515
TQNet,ETTm1,336,0.39,0.401
MMK,ETTm1,336,0.395182833,0.404890046
TimeXer,ETTm1,336,0.395,0.407
CycleNet,ETTm1,336,0.389,0.403
iTransformer,ETTm1,336,0.426,0.42
MSGNet,ETTm1,336,0.417,0.422
TimesNet,ETTm1,336,0.41,0.411
PatchTST,ETTm1,336,0.399,0.41
Crossformer,ETTm1,336,0.532,0.515
DLinear,ETTm1,336,0.413,0.413
PatchMLP,ETTm1,720,0.4439,0.43567
TQNet,ETTm1,720,0.452,0.44
MMK,ETTm1,720,0.457113817,0.440193854
TimeXer,ETTm1,720,0.452,0.441
CycleNet,ETTm1,720,0.447,0.441
iTransformer,ETTm1,720,0.491,0.459
MSGNet,ETTm1,720,0.487,0.463
TimesNet,ETTm1,720,0.478,0.45
PatchTST,ETTm1,720,0.454,0.439
Crossformer,ETTm1,720,0.666,0.589
DLinear,ETTm1,720,0.474,0.453
PatchMLP,ETTm1,avg,0.3731725,0.3875925
TQNet,ETTm1,avg,0.377,0.393
MMK,ETTm1,avg,0.3840654585,0.39667586225
TimeXer,ETTm1,avg,0.382,0.397
CycleNet,ETTm1,avg,0.379,0.396
iTransformer,ETTm1,avg,0.407,0.41
MSGNet,ETTm1,avg,0.4,0.412
TimesNet,ETTm1,avg,0.4,0.406
PatchTST,ETTm1,avg,0.387,0.4
Crossformer,ETTm1,avg,0.513,0.495
DLinear,ETTm1,avg,0.403,0.407
PatchMLP,ETTm2,96,0.16759,0.24846
TQNet,ETTm2,96,0.173,0.256
MMK,ETTm2,96,0.176,0.261
TimeXer,ETTm2,96,0.171,0.256
CycleNet,ETTm2,96,0.163,0.246
iTransformer,ETTm2,96,0.18,0.264
MSGNet,ETTm2,96,0.182,0.266
TimesNet,ETTm2,96,0.187,0.267
PatchTST,ETTm2,96,0.175,0.259
Crossformer,ETTm2,96,0.287,0.366
DLinear,ETTm2,96,0.193,0.292
PatchMLP,ETTm2,192,0.22948,0.28915
TQNet,ETTm2,192,0.238,0.298
MMK,ETTm2,192,0.24,0.302
TimeXer,ETTm2,192,0.237,0.299
CycleNet,ETTm2,192,0.229,0.29
iTransformer,ETTm2,192,0.25,0.309
MSGNet,ETTm2,192,0.248,0.306
TimesNet,ETTm2,192,0.249,0.309
PatchTST,ETTm2,192,0.241,0.302
Crossformer,ETTm2,192,0.414,0.492
DLinear,ETTm2,192,0.284,0.362
PatchMLP,ETTm2,336,0.28716,0.3281
TQNet,ETTm2,336,0.301,0.34
MMK,ETTm2,336,0.299,0.342
TimeXer,ETTm2,336,0.296,0.338
CycleNet,ETTm2,336,0.284,0.327
iTransformer,ETTm2,336,0.311,0.348
MSGNet,ETTm2,336,0.312,0.346
TimesNet,ETTm2,336,0.321,0.351
PatchTST,ETTm2,336,0.305,0.343
Crossformer,ETTm2,336,0.597,0.542
DLinear,ETTm2,336,0.369,0.427
PatchMLP,ETTm2,720,0.38841,0.38788
TQNet,ETTm2,720,0.397,0.396
MMK,ETTm2,720,0.397,0.401
TimeXer,ETTm2,720,0.392,0.394
CycleNet,ETTm2,720,0.389,0.391
iTransformer,ETTm2,720,0.412,0.407
MSGNet,ETTm2,720,0.414,0.404
TimesNet,ETTm2,720,0.408,0.403
PatchTST,ETTm2,720,0.402,0.4
Crossformer,ETTm2,720,1.73,1.042
DLinear,ETTm2,720,0.554,0.522
PatchMLP,ETTm2,avg,0.26816,0.3133975
TQNet,ETTm2,avg,0.277,0.323
MMK,ETTm2,avg,0.278,0.3265
TimeXer,ETTm2,avg,0.274,0.322
CycleNet,ETTm2,avg,0.266,0.314
iTransformer,ETTm2,avg,0.288,0.332
MSGNet,ETTm2,avg,0.289,0.33
TimesNet,ETTm2,avg,0.291,0.333
PatchTST,ETTm2,avg,0.281,0.326
Crossformer,ETTm2,avg,0.757,0.611
DLinear,ETTm2,avg,0.35,0.401
PatchMLP,ECL,96,0.13191,0.22293
TQNet,ECL,96,0.134,0.229
MMK,ECL,96,0.1663,0.2556
TimeXer,ECL,96,0.14,0.242
CycleNet,ECL,96,0.136,0.229
iTransformer,ECL,96,0.148,0.24
MSGNet,ECL,96,0.165,0.274
TimesNet,ECL,96,0.168,0.272
PatchTST,ECL,96,0.181,0.27
Crossformer,ECL,96,0.219,0.314
DLinear,ECL,96,0.197,0.282
PatchMLP,ECL,192,0.1498,0.23897
TQNet,ECL,192,0.154,0.247
MMK,ECL,192,0.187067859,0.274009392
TimeXer,ECL,192,0.157,0.256
CycleNet,ECL,192,0.152,0.244
iTransformer,ECL,192,0.162,0.253
MSGNet,ECL,192,0.185,0.292
TimesNet,ECL,192,0.184,0.289
PatchTST,ECL,192,0.188,0.274
Crossformer,ECL,192,0.231,0.322
DLinear,ECL,192,0.196,0.285
PatchMLP,ECL,336,0.16703,0.25708
TQNet,ECL,336,0.169,0.264
MMK,ECL,336,0.204063486,0.289859764
TimeXer,ECL,336,0.176,0.275
CycleNet,ECL,336,0.17,0.264
iTransformer,ECL,336,0.178,0.269
MSGNet,ECL,336,0.197,0.304
TimesNet,ECL,336,0.198,0.3
PatchTST,ECL,336,0.204,0.293
Crossformer,ECL,336,0.246,0.337
DLinear,ECL,336,0.209,0.301
PatchMLP,ECL,720,0.20364,0.29084
TQNet,ECL,720,0.201,0.294
MMK,ECL,720,0.246670909,0.323021039
TimeXer,ECL,720,0.211,0.306
CycleNet,ECL,720,0.212,0.299
iTransformer,ECL,720,0.225,0.317
MSGNet,ECL,720,0.231,0.332
TimesNet,ECL,720,0.22,0.32
PatchTST,ECL,720,0.246,0.324
Crossformer,ECL,720,0.28,0.363
DLinear,ECL,720,0.245,0.333
PatchMLP,ECL,avg,0.163095,0.252455
TQNet,ECL,avg,0.164,0.259
MMK,ECL,avg,0.2010255635,0.28562254875
TimeXer,ECL,avg,0.171,0.27
CycleNet,ECL,avg,0.168,0.259
iTransformer,ECL,avg,0.178,0.27
MSGNet,ECL,avg,0.194,0.301
TimesNet,ECL,avg,0.193,0.295
PatchTST,ECL,avg,0.205,0.29
Crossformer,ECL,avg,0.244,0.334
DLinear,ECL,avg,0.212,0.3
PatchMLP,Solar,96,0.17908,0.22544
TQNet,Solar,96,0.173,0.233
TimeXer,Solar,96,0.215,0.295
CycleNet,Solar,96,0.19,0.247
iTransformer,Solar,96,0.203,0.237
MSGNet,Solar,96,0.21,0.246
TimesNet,Solar,96,0.25,0.292
PatchTST,Solar,96,0.234,0.286
Crossformer,Solar,96,0.31,0.331
DLinear,Solar,96,0.29,0.378
PatchMLP,Solar,192,0.19832,0.23824
TQNet,Solar,192,0.199,0.257
TimeXer,Solar,192,0.236,0.301
CycleNet,Solar,192,0.21,0.266
iTransformer,Solar,192,0.233,0.261
MSGNet,Solar,192,0.265,0.29
TimesNet,Solar,192,0.296,0.318
PatchTST,Solar,192,0.267,0.31
Crossformer,Solar,192,0.734,0.725
DLinear,Solar,192,0.32,0.398
PatchMLP,Solar,336,0.21034,0.23823
TQNet,Solar,336,0.211,0.263
TimeXer,Solar,336,0.252,0.307
CycleNet,Solar,336,0.217,0.266
iTransformer,Solar,336,0.248,0.273
MSGNet,Solar,336,0.294,0.318
TimesNet,Solar,336,0.319,0.33
PatchTST,Solar,336,0.29,0.315
Crossformer,Solar,336,0.75,0.735
DLinear,Solar,336,0.353,0.415
PatchMLP,Solar,720,0.21746,0.24876
TQNet,Solar,720,0.209,0.27
TimeXer,Solar,720,0.244,0.305
CycleNet,Solar,720,0.223,0.266
iTransformer,Solar,720,0.249,0.275
MSGNet,Solar,720,0.285,0.315
TimesNet,Solar,720,0.338,0.337
PatchTST,Solar,720,0.289,0.317
Crossformer,Solar,720,0.769,0.765
DLinear,Solar,720,0.356,0.413
PatchMLP,Solar,avg,0.2013,0.2376675
TQNet,Solar,avg,0.198,0.256
TimeXer,Solar,avg,0.237,0.302
CycleNet,Solar,avg,0.21,0.261
iTransformer,Solar,avg,0.233,0.262
MSGNet,Solar,avg,0.263,0.292
TimesNet,Solar,avg,0.301,0.319
PatchTST,Solar,avg,0.27,0.307
Crossformer,Solar,avg,0.641,0.639
DLinear,Solar,avg,0.33,0.401
PatchMLP,Traffic,96,0.39573,0.24369
TQNet,Traffic,96,0.413,0.261
MMK,Traffic,96,0.511,0.324
TimeXer,Traffic,96,0.428,0.271
CycleNet,Traffic,96,0.458,0.296
iTransformer,Traffic,96,0.395,0.268
MSGNet,Traffic,96,0.608,0.349
TimesNet,Traffic,96,0.593,0.321
PatchTST,Traffic,96,0.462,0.29
Crossformer,Traffic,96,0.522,0.29
DLinear,Traffic,96,0.65,0.396
PatchMLP,Traffic,192,0.41086,0.25326
TQNet,Traffic,192,0.432,0.271
MMK,Traffic,192,0.529453933,0.329853363
TimeXer,Traffic,192,0.448,0.282
CycleNet,Traffic,192,0.457,0.294
iTransformer,Traffic,192,0.417,0.276
MSGNet,Traffic,192,0.634,0.371
TimesNet,Traffic,192,0.617,0.336
PatchTST,Traffic,192,0.466,0.29
Crossformer,Traffic,192,0.53,0.293
DLinear,Traffic,192,0.598,0.37
PatchMLP,Traffic,336,0.42788,0.25946
TQNet,Traffic,336,0.45,0.277
MMK,Traffic,336,0.545172706,0.333838709
TimeXer,Traffic,336,0.473,0.289
CycleNet,Traffic,336,0.47,0.299
iTransformer,Traffic,336,0.433,0.283
MSGNet,Traffic,336,0.669,0.388
TimesNet,Traffic,336,0.629,0.336
PatchTST,Traffic,336,0.482,0.3
Crossformer,Traffic,336,0.558,0.305
DLinear,Traffic,336,0.605,0.373
PatchMLP,Traffic,720,0.46647,0.27933
TQNet,Traffic,720,0.486,0.295
MMK,Traffic,720,0.580439106,0.351135872
TimeXer,Traffic,720,0.516,0.307
CycleNet,Traffic,720,0.502,0.314
iTransformer,Traffic,720,0.467,0.302
MSGNet,Traffic,720,0.729,0.42
TimesNet,Traffic,720,0.64,0.35
PatchTST,Traffic,720,0.514,0.32
Crossformer,Traffic,720,0.589,0.328
DLinear,Traffic,720,0.645,0.394
PatchMLP,Traffic,avg,0.425235,0.258935
TQNet,Traffic,avg,0.445,0.276
MMK,Traffic,avg,0.54151643625,0.334706986
TimeXer,Traffic,avg,0.466,0.287
CycleNet,Traffic,avg,0.472,0.301
iTransformer,Traffic,avg,0.428,0.282
MSGNet,Traffic,avg,0.66,0.382
TimesNet,Traffic,avg,0.62,0.336
PatchTST,Traffic,avg,0.481,0.3
Crossformer,Traffic,avg,0.55,0.304
DLinear,Traffic,avg,0.625,0.383
PatchMLP,Weather,96,0.15115,0.19102
TQNet,Weather,96,0.157,0.2
MMK,Weather,96,0.171026096,0.220500804
TimeXer,Weather,96,0.157,0.205
CycleNet,Weather,96,0.158,0.203
iTransformer,Weather,96,0.174,0.214
MSGNet,Weather,96,0.163,0.212
TimesNet,Weather,96,0.172,0.22
PatchTST,Weather,96,0.177,0.21
Crossformer,Weather,96,0.158,0.23
DLinear,Weather,96,0.196,0.255
PatchMLP,Weather,192,0.19994,0.23797
TQNet,Weather,192,0.206,0.245
MMK,Weather,192,0.219878893,0.263412468
TimeXer,Weather,192,0.204,0.247
CycleNet,Weather,192,0.207,0.247
iTransformer,Weather,192,0.221,0.254
MSGNet,Weather,192,0.211,0.254
TimesNet,Weather,192,0.219,0.261
PatchTST,Weather,192,0.225,0.25
Crossformer,Weather,192,0.206,0.277
DLinear,Weather,192,0.237,0.296
PatchMLP,Weather,336,0.25797,0.28227
TQNet,Weather,336,0.262,0.287
MMK,Weather,336,0.276913859,0.302418716
TimeXer,Weather,336,0.261,0.29
CycleNet,Weather,336,0.262,0.289
iTransformer,Weather,336,0.278,0.296
MSGNet,Weather,336,0.273,0.299
TimesNet,Weather,336,0.28,0.306
PatchTST,Weather,336,0.278,0.29
Crossformer,Weather,336,0.272,0.335
DLinear,Weather,336,0.283,0.335
PatchMLP,Weather,720,0.34237,0.33904
TQNet,Weather,720,0.344,0.342
MMK,Weather,720,0.360217556,0.354036555
TimeXer,Weather,720,0.34,0.341
CycleNet,Weather,720,0.344,0.344
iTransformer,Weather,720,0.358,0.349
MSGNet,Weather,720,0.351,0.348
TimesNet,Weather,720,0.365,0.359
PatchTST,Weather,720,0.354,0.34
Crossformer,Weather,720,0.398,0.418
DLinear,Weather,720,0.345,0.381
PatchMLP,Weather,avg,0.2378575,0.262575
TQNet,Weather,avg,0.242,0.269
MMK,Weather,avg,0.257009101,0.28509213575
TimeXer,Weather,avg,0.241,0.271
CycleNet,Weather,avg,0.243,0.271
iTransformer,Weather,avg,0.258,0.278
MSGNet,Weather,avg,0.249,0.278
TimesNet,Weather,avg,0.259,0.287
PatchTST,Weather,avg,0.259,0.273
Crossformer,Weather,avg,0.259,0.315
DLinear,Weather,avg,0.265,0.317
PatchMLP,PEMS03,12,0.06248,0.16212
TQNet,PEMS03,12,0.06,0.161
MMK,PEMS03,12,0.08651,0.19478
TimeXer,PEMS03,12,0.07,0.173
CycleNet,PEMS03,12,0.066,0.172
iTransformer,PEMS03,12,0.071,0.174
MSGNet,PEMS03,12,0.078,0.187
TimesNet,PEMS03,12,0.085,0.192
PatchTST,PEMS03,12,0.099,0.216
Crossformer,PEMS03,12,0.09,0.203
DLinear,PEMS03,12,0.122,0.243
PatchMLP,PEMS03,24,0.07945,0.18048
TQNet,PEMS03,24,0.077,0.182
MMK,PEMS03,24,0.14557,0.25349
TimeXer,PEMS03,24,0.092,0.194
CycleNet,PEMS03,24,0.089,0.201
iTransformer,PEMS03,24,0.093,0.201
MSGNet,PEMS03,24,0.108,0.218
TimesNet,PEMS03,24,0.118,0.223
PatchTST,PEMS03,24,0.142,0.259
Crossformer,PEMS03,24,0.121,0.24
DLinear,PEMS03,24,0.201,0.317
PatchMLP,PEMS03,48,0.10933,0.2052
TQNet,PEMS03,48,0.104,0.215
MMK,PEMS03,48,0.29159,0.3676
TimeXer,PEMS03,48,0.129,0.229
CycleNet,PEMS03,48,0.136,0.247
iTransformer,PEMS03,48,0.125,0.236
MSGNet,PEMS03,48,0.178,0.272
TimesNet,PEMS03,48,0.155,0.26
PatchTST,PEMS03,48,0.211,0.319
Crossformer,PEMS03,48,0.202,0.317
DLinear,PEMS03,48,0.333,0.425
PatchMLP,PEMS03,96,0.1358,0.22607
TQNet,PEMS03,96,0.148,0.253
MMK,PEMS03,96,0.50426,0.50193
TimeXer,PEMS03,96,0.157,0.261
CycleNet,PEMS03,96,0.182,0.282
iTransformer,PEMS03,96,0.164,0.275
MSGNet,PEMS03,96,0.238,0.328
TimesNet,PEMS03,96,0.228,0.317
PatchTST,PEMS03,96,0.269,0.37
Crossformer,PEMS03,96,0.262,0.367
DLinear,PEMS03,96,0.457,0.515
PatchMLP,PEMS03,avg,0.096765,0.1934675
TQNet,PEMS03,avg,0.097,0.203
MMK,PEMS03,avg,0.2569825,0.32945
TimeXer,PEMS03,avg,0.112,0.214
CycleNet,PEMS03,avg,0.118,0.226
iTransformer,PEMS03,avg,0.113,0.222
MSGNet,PEMS03,avg,0.15,0.251
TimesNet,PEMS03,avg,0.147,0.248
PatchTST,PEMS03,avg,0.18,0.291
Crossformer,PEMS03,avg,0.169,0.282
DLinear,PEMS03,avg,0.278,0.375
PatchMLP,PEMS04,12,0.06848,0.16708
TQNet,PEMS04,12,0.067,0.166
MMK,PEMS04,12,0.10296,0.21175
TimeXer,PEMS04,12,0.074,0.178
CycleNet,PEMS04,12,0.078,0.186
iTransformer,PEMS04,12,0.078,0.183
MSGNet,PEMS04,12,0.086,0.199
TimesNet,PEMS04,12,0.087,0.195
PatchTST,PEMS04,12,0.105,0.224
Crossformer,PEMS04,12,0.098,0.218
DLinear,PEMS04,12,0.148,0.272
PatchMLP,PEMS04,24,0.07798,0.17847
TQNet,PEMS04,24,0.077,0.181
MMK,PEMS04,24,0.16902,0.27559
TimeXer,PEMS04,24,0.087,0.195
CycleNet,PEMS04,24,0.099,0.212
iTransformer,PEMS04,24,0.095,0.205
MSGNet,PEMS04,24,0.101,0.218
TimesNet,PEMS04,24,0.103,0.215
PatchTST,PEMS04,24,0.153,0.275
Crossformer,PEMS04,24,0.131,0.256
DLinear,PEMS04,24,0.224,0.34
PatchMLP,PEMS04,48,0.09071,0.19163
TQNet,PEMS04,48,0.097,0.206
MMK,PEMS04,48,0.32306,0.39128
TimeXer,PEMS04,48,0.11,0.214
CycleNet,PEMS04,48,0.133,0.248
iTransformer,PEMS04,48,0.12,0.233
MSGNet,PEMS04,48,0.127,0.247
TimesNet,PEMS04,48,0.136,0.25
PatchTST,PEMS04,48,0.229,0.339
Crossformer,PEMS04,48,0.205,0.326
DLinear,PEMS04,48,0.355,0.437
PatchMLP,PEMS04,96,0.10226,0.20317
TQNet,PEMS04,96,0.123,0.233
MMK,PEMS04,96,0.56765,0.53881
TimeXer,PEMS04,96,0.148,0.251
CycleNet,PEMS04,96,0.167,0.281
iTransformer,PEMS04,96,0.15,0.262
MSGNet,PEMS04,96,0.174,0.292
TimesNet,PEMS04,96,0.19,0.303
PatchTST,PEMS04,96,0.291,0.389
Crossformer,PEMS04,96,0.402,0.457
DLinear,PEMS04,96,0.452,0.504
PatchMLP,PEMS04,avg,0.0848575,0.1850875
TQNet,PEMS04,avg,0.091,0.197
MMK,PEMS04,avg,0.2906725,0.3543575
TimeXer,PEMS04,avg,0.105,0.209
CycleNet,PEMS04,avg,0.119,0.232
iTransformer,PEMS04,avg,0.111,0.221
MSGNet,PEMS04,avg,0.122,0.239
TimesNet,PEMS04,avg,0.129,0.241
PatchTST,PEMS04,avg,0.195,0.307
Crossformer,PEMS04,avg,0.209,0.314
DLinear,PEMS04,avg,0.295,0.388
PatchMLP,PEMS07,12,0.0516,0.1423
TQNet,PEMS07,12,0.051,0.143
MMK,PEMS07,12,0.08142,0.18726
TimeXer,PEMS07,12,0.057,0.152
CycleNet,PEMS07,12,0.062,0.162
iTransformer,PEMS07,12,0.067,0.165
MSGNet,PEMS07,12,0.079,0.182
TimesNet,PEMS07,12,0.082,0.181
PatchTST,PEMS07,12,0.095,0.207
Crossformer,PEMS07,12,0.094,0.2
DLinear,PEMS07,12,0.115,0.242
PatchMLP,PEMS07,24,0.06185,0.15408
TQNet,PEMS07,24,0.063,0.159
MMK,PEMS07,24,0.14163,0.24942
TimeXer,PEMS07,24,0.079,0.179
CycleNet,PEMS07,24,0.086,0.192
iTransformer,PEMS07,24,0.088,0.19
MSGNet,PEMS07,24,0.099,0.206
TimesNet,PEMS07,24,0.101,0.204
PatchTST,PEMS07,24,0.15,0.262
Crossformer,PEMS07,24,0.139,0.247
DLinear,PEMS07,24,0.21,0.329
PatchMLP,PEMS07,48,0.07713,0.16939
TQNet,PEMS07,48,0.081,0.179
MMK,PEMS07,48,0.28891,0.36334
TimeXer,PEMS07,48,0.099,0.191
CycleNet,PEMS07,48,0.128,0.234
iTransformer,PEMS07,48,0.11,0.215
MSGNet,PEMS07,48,0.133,0.239
TimesNet,PEMS07,48,0.134,0.238
PatchTST,PEMS07,48,0.253,0.34
Crossformer,PEMS07,48,0.311,0.369
DLinear,PEMS07,48,0.398,0.458
PatchMLP,PEMS07,96,0.09734,0.1842
TQNet,PEMS07,96,0.103,0.203
MMK,PEMS07,96,0.54709,0.51192
TimeXer,PEMS07,96,0.107,0.205
CycleNet,PEMS07,96,0.176,0.268
iTransformer,PEMS07,96,0.139,0.245
MSGNet,PEMS07,96,0.179,0.279
TimesNet,PEMS07,96,0.181,0.279
PatchTST,PEMS07,96,0.346,0.404
Crossformer,PEMS07,96,0.396,0.442
DLinear,PEMS07,96,0.594,0.553
PatchMLP,PEMS07,avg,0.07198,0.1624925
TQNet,PEMS07,avg,0.075,0.171
MMK,PEMS07,avg,0.2647625,0.327985
TimeXer,PEMS07,avg,0.085,0.182
CycleNet,PEMS07,avg,0.113,0.214
iTransformer,PEMS07,avg,0.101,0.204
MSGNet,PEMS07,avg,0.122,0.227
TimesNet,PEMS07,avg,0.125,0.226
PatchTST,PEMS07,avg,0.211,0.303
Crossformer,PEMS07,avg,0.235,0.315
DLinear,PEMS07,avg,0.329,0.396
PatchMLP,PEMS08,12,0.06936,0.16215
TQNet,PEMS08,12,0.071,0.17
MMK,PEMS08,12,0.09912,0.20431
TimeXer,PEMS08,12,0.075,0.176
CycleNet,PEMS08,12,0.082,0.185
iTransformer,PEMS08,12,0.079,0.182
MSGNet,PEMS08,12,0.105,0.211
TimesNet,PEMS08,12,0.112,0.212
PatchTST,PEMS08,12,0.168,0.232
Crossformer,PEMS08,12,0.165,0.214
DLinear,PEMS08,12,0.154,0.276
PatchMLP,PEMS08,24,0.08949,0.1819
TQNet,PEMS08,24,0.096,0.196
MMK,PEMS08,24,0.16616,0.27071
TimeXer,PEMS08,24,0.102,0.201
CycleNet,PEMS08,24,0.117,0.226
iTransformer,PEMS08,24,0.115,0.219
MSGNet,PEMS08,24,0.141,0.243
TimesNet,PEMS08,24,0.141,0.238
PatchTST,PEMS08,24,0.224,0.281
Crossformer,PEMS08,24,0.215,0.26
DLinear,PEMS08,24,0.248,0.353
PatchMLP,PEMS08,48,0.12659,0.21213
TQNet,PEMS08,48,0.149,0.244
MMK,PEMS08,48,0.33145,0.39117
TimeXer,PEMS08,48,0.158,0.248
CycleNet,PEMS08,48,0.169,0.268
iTransformer,PEMS08,48,0.186,0.235
MSGNet,PEMS08,48,0.211,0.3
TimesNet,PEMS08,48,0.198,0.283
PatchTST,PEMS08,48,0.321,0.354
Crossformer,PEMS08,48,0.315,0.355
DLinear,PEMS08,48,0.44,0.47
PatchMLP,PEMS08,96,0.19805,0.24994
TQNet,PEMS08,96,0.253,0.309
MMK,PEMS08,96,0.65303,0.55081
TimeXer,PEMS08,96,0.366,0.377
CycleNet,PEMS08,96,0.233,0.306
iTransformer,PEMS08,96,0.221,0.267
MSGNet,PEMS08,96,0.364,0.387
TimesNet,PEMS08,96,0.32,0.351
PatchTST,PEMS08,96,0.408,0.417
Crossformer,PEMS08,96,0.377,0.397
DLinear,PEMS08,96,0.674,0.565
PatchMLP,PEMS08,avg,0.1208725,0.20153
TQNet,PEMS08,avg,0.142,0.229
MMK,PEMS08,avg,0.31244,0.35425
TimeXer,PEMS08,avg,0.175,0.25
CycleNet,PEMS08,avg,0.15,0.246
iTransformer,PEMS08,avg,0.15,0.226
MSGNet,PEMS08,avg,0.205,0.285
TimesNet,PEMS08,avg,0.193,0.271
PatchTST,PEMS08,avg,0.28,0.321
Crossformer,PEMS08,avg,0.268,0.307
DLinear,PEMS08,avg,0.379,0.416